1,JIN,The Astronaut
2,Jung Kook,Dreamers (Music from the FiFA World Cup Qatar 2022 Official Soundtrack)
3,JIN,Yours
4,Meghan Trainor,No
5,Meghan Trainor,Made You Look
6,Younha,Event Horizon
7,BTS,Epiphany
8,Sam Smith & Kim Petras,Unholy
9,BTS,Moon
10,Shin Yong Jae,Mother
11,HoneyWorks,Kawaikutegomen (feat. Capi)
12,Alessia Cara,Make It To Christmas (Stripped)
13,BTS,Awake
14,Imagine Dragons,Thunder
15,JIN,Tonight
16,Charlie Puth,I Don't Think That I Like Her
17,AJR,World's Smallest Violin
18,JIN,Abyss
19,BE'O,Complex (feat. ZICO)
20,Daughtry,One Last Chance
21,Fujii Kaze,Shinunoga E-Wa
22,VGEE,Face (VGEE REMIX)
23,Gnarls Barkley,Crazy
24,Tei,Monologue
25,Baek A,Amor
26,5 Seconds of Summer,Teeth
27,Younha,Oort Cloud
28,BE'O,LOVE me
29,AURORA,Cure For Me
30,Zot On the Wave & Fuji Taito,Crayon
31,Crush,Rush Hour (feat. j-hope of BTS)
32,Stacey Ryan,Fall In Love Alone (Sped Up Version)
33,Alan Walker,The Drum
34,An Nyeong,Haeyo (2022)
35,Lee Young Hyun,So you
36,Ava Max,Christmas Without You
37,LE SSERAFIM,ANTIFRAGILE
38,10cm,Gradation
39,BTS,Wish (Seok Jin Theme) [BTS World Original Soundtrack] [Instrumental]
40,Armani White,BILLIE EILISH.
41,Chuu,Confession (Ditto)
42,Seotaiji and Boys,To You
43,10cm & BIG Naughty,Just 10 centimeters
44,Charlie Puth,That's Hilarious
45,Sam Smith,I'm Not The Only One
46,IVE,After LIKE
47,YOON MI RAE & BIBI,LAW
48,Sia,Snowman
49,OneRepublic,I Ain't Worried
50,Kang Min Kyung & Choi Jung Hoon,Because we loved
51,Kim Seungmin,My pleasure Is That You Ride The Bentley
52,Weeekly,After School
53,(G)I-DLE,Nxde
54,LE SSERAFIM,Impurities
55,Sa-Fire,I Missed You
56,Kelly Clarkson & Ariana Grande,"Santa, Can’t You Hear Me"
57,Onestar,Get Ready To Leave
58,Sia,Unstoppable
59,Gaya-G,At That Moment
60,Taylor Swift,Anti-Hero
61,Christopher & CHUNG HA,When I Get Old
62,SG Wannabe & Brown Eyed Girls,Must Have Love
63,JIN,Super Tuna
64,GyeongseoYeji & 전건호,If You Lovingly Call My Name
65,Charlie Puth,Dangerously
66,Boramiyu & SUNNYSIDEMJ,Ring Back Tone
67,Stray Kids,CASE 143
68,Charlie Puth & Jung Kook,Left and Right
69,NewJeans,Hype Boy
70,Beach House,Space Song
71,Kelly Clarkson,Underneath the Tree
72,Michael Bublé,It's Beginning To Look a Lot Like Christmas
73,TopHyun,Tell me you love me
74,كوفر بطيء,حلمي - بطيء
75,JUKJAE,After Travel
76,"Trinidad Cardona, Davido & AISHA",Hayya Hayya (Better Together) [Music from the FIFA World Cup Qatar 2022 Official Soundtrack]
77,Lim Young Woong,London Boy
78,Justin Bieber,Off My Face
79,"Bruno Mars, Anderson .Paak & Silk Sonic",After Last Night (with Thundercat & Bootsy Collins)
80,Sondia,Grown Ups
81,Sung Si Kyung,Every Moment of You
82,Jimin & HA SUNG WOON,With you
83,Peder Elias,Loving You Girl (feat. Hkeem)
84,Lil Nas X,STAR WALKIN' (League of Legends Worlds Anthem)
85,ZICO,New Thing (feat. Homies)
86,SHAUN,Way Back Home (feat. Conor Maynard) [Sam Feldt Festival Mix]
87,Joo Ho,without me
88,Yerin Baek,Pisces
89,Lim Young Woong,"Our Blues, Our Life"
90,JAEMAN,day off
91,Mina Okabe,Every Second
92,Britney Spears,My Only Wish (This Year)
93,Lil Nas X & Jack Harlow,INDUSTRY BABY
94,MeloMance,"Love, Maybe"
95,Stacey Ryan,Fall In Love Alone
96,JVKE,Golden Hour
97,A2M,I Got Bitches
98,Harry Styles,As It Was
99,RADWIMPS,Suzume (feat. Toaka)
100,The Black Skirts,EVERYTHING
101,Hikaru Utada,First Love
102,YooA,Selfish
103,TWICE,Talk that Talk
104,Rihanna,Lift Me Up (From Black Panther: Wakanda Forever - Music From and Inspired By)
105,KyoungSeo,CHECKLIST
106,LE SSERAFIM,No Celestial
107,Lukas Graham,Here (For Christmas)
108,BTS,Run BTS
109,EXO,The First Snow
110,imase,NIGHT DANCER
111,V,Christmas Tree
112,tripleS,Generation
113,KyoungSeo,Dear my X
114,NewJeans,Attention
115,BRED,Give It To Me Remix (Extended Mix)
116,Benson Boone,GHOST TOWN
117,LE SSERAFIM,Good Parts (when the quality is bad but I am)
118,Coogie,Alone (feat. LeeHi)
119,Dean Lewis,How Do I Say Goodbye
120,Lim Young Woong,Rainbow
121,"Gaeko, Ourealgoat, SINCE, Ahn Byeong Woong, Tabber & Gwangil Jo",Wake Up (feat. CODE KUNST)
122,21univ.,Sticker picture (Instrumental)
123,BIG Naughty,Beyond Love (feat. 10cm)
124,IVE,LOVE DIVE
125,Han Dong Geun,dawn call from you
126,Johnny Orlando,Last Christmas
127,Stephen Sanchez,Until I Found You
128,Kim Na Young,I Can’t
129,NMIXX,DICE
130,Christina Perri,A Thousand Years
131,Trabuko102,You & Me (feat. JENNIEFER)
132,The Weeknd,Die For You
133,Wham!,Last Christmas
134,"Sung Si Kyung, Park Hyo Shin, Lee Suk Hoon, Seo In Guk & VIXX",Because It's Christmas
135,John Legend,Bring Me Love
136,Meghan Trainor,Me Too
137,The Weeknd,Earned It (Fifty Shades of Grey)
138,Mariah Carey,All I Want For Christmas Is You
139,LE SSERAFIM,Blue Flame
140,dhruv,double take
141,TOIL & Kid Wine,"He's next to you, instead of me"
142,Imagine Dragons,Bones
143,Ariana Grande,Santa Tell Me
144,D-Hack & PATEKO,OHAYO MY NIGHT
145,Davichi,"WHITE (From D-MAKE"") [feat. Jay Park]"""
146,Idris Elba,Biggest
147,Lee Seok Hoon,Dear. My Fool (WEBTOON 'Discovery of Love')
148,BTS,Yet To Come
149,Boys Like Girls,The Great Escape
150,Kim Min Seok,DrunKen Confession
151,Kim Hojoong,meet you among them
152,John K,parachute
153,Day6,Time of Our Life
154,NCT DREAM,Life Is Still Going On
155,Joosiq,Baby I Need You
156,"Nicky Youre, Dazy & Thomas Rhett",Sunroof (Thomas Rhett Remix)
157,BOL4,Love story
158,NU'EST,Face
159,종호,GRAVITY
160,Girls' Generation,FOREVER 1
161,Justin Bieber,Mistletoe
162,"Epiik, BEOM (KOR) & Arkins",Bongduck Rangers
163,Paul Blanco,Summer (feat. BE'O)
164,Damons year,Yours
165,BLACKPINK,Ready For Love
166,Cha Eun-Woo,Love Sailing
167,IU,Merry Christmas Ahead (feat. 천둥)
168,Lady Gaga,Bloody Mary
169,Tori Kelly,25th
170,BLACKPINK,Pink Venom
171,Wonstein,Your Existence
172,Luke Christopher,Lot to Learn
173,Straight No Chaser,Text Me Merry Christmas (feat. Kristen Bell)
174,The Kid LAROI & Justin Bieber,STAY
175,BLACKPINK,Yeah Yeah Yeah
176,Stephen Sanchez & Em Beihold,Until I Found You (Em Beihold Version)
177,aespa,Illusion
178,Sia,Santa's Coming For Us
179,U-Rim,Because of the memories
180,Lim Young Woong,If We Ever Meet Again
181,George Winston,Carol of the Bells
182,Marshmello & Jonas Brothers,Leave Before You Love Me
183,BLACKPINK,Shut Down
184,Choi Yu Ree,Forest
185,GOMAK BOYS,Sweet Thing
186,Pink Sweat$,At My Worst
187,NewJeans,Hurt
188,Kassy,Don't wanna leave tonight
189,New Hope Club & Danna Paola,Know Me Too Well
190,AJR,The Good Part
191,Drake & 21 Savage,Major Distribution
192,"Sam Smith, Speed Radio & Xxtristanxo",I'm Not The Only One (Sped Up)
193,(G)I-DLE,Change
194,NEFFEX,No Filter
195,Ava Max,Kings & Queens
196,Kassy,Always love you
197,OVAN,Celebrate
198,DPR LIVE,Jasmine
199,D.PER,LOVE AND REGRET
200,Foudeqush & Ludwig Göransson,Con La Brisa
